§,topic,decision,evidence,learned from data?
3,Text hygiene / parsing,Strip whitespace; parse timestamps explicitly; snake_case names.,"Trailing TAB on 100% of `Order creation time`/`Payment time` and on 18,370 `Location Information` rows.",no
4,Target definition,"is_Abnormal = end_cause ∉ {'Charging ends normally','User stops charging'}.","Only this definition reproduces the dataset's own abnormal-count history columns (≈100% of rows, 6 windows); alternatives B and C fail.",no
4,Label noise,Keep normal sessions with zero energy (≈9k rows).,Plausible user cancellations; defined normal by the dataset's own oracle; filtering on post-hoc energy is not reproducible at start time.,no
5/10,Burn-in period,Exclude sessions with start_time < 2020-04-01 from model development (kept only for building history in the raw file).,"History attributes are censored by the start of the file (new-user share, 30-day counts, PSI), fault mix differs; its effect on predictive performance is measured in §15.4 (training-window folds only).",no
5/10,Evaluation design,"Chronological split (train ≤ Jun-2021, validation Q3-2021, test Q4-2021) with purge; no random split.","Prevalence, volume and predictor distributions drift over time; post prevalence persists (Spearman ρ = 0.81 across years) but the fault mix and levels change.",no
6,Post-hoc variables,"Exclude energy_kwh, electricity_cost, service_charge, amount, actual_payment, end_time, payment_time (and any duration derived from end_time).","Single post-hoc variables reach univariate AUC 0.82–0.85, above any legitimate variable (best 0.77); they measure the result of the session.",no
6,Order creation time,Exclude from the main feature set; test as a borderline group in §15.,Stamped after the start in about half of the sessions (up to days later); its lag to the start is associated with the outcome.,no
8,Missing values,No deletion / no median or model-based imputation. Tree view: keep NaN + indicators. Linear view: impute with training maximum of the (log-)variable + keep indicators.,NaN ⇔ companion indicator = 1 in 100% of rows (structural); informative (14.4% vs 19.3% prevalence); no disguised codes.,yes (train only)
9,Outliers,Retain all observations; tree view untouched; linear view: log1p (skewness>1) + winsorisation at train 0.1/99.9 percentiles + standardisation.,"Extremes are valid (out-of-service posts, fleet accounts, rainstorms); Isolation Forest flags informative, not erroneous, sessions.",yes (train only)
10,Split,"Train 2020-04-01…2021-06-30 (with purge), validation 2021-Q3, test 2021-Q4.",Prevalence 17.8/21.1/17.6%; 40%/61% of validation/test sessions belong to unseen accounts; label delay ≤24h requires purge.,no
11,Derived features,"Add hour, dow (cyclical in the linear view) and rain_flag; no month/year/time index; no holiday flag.",Only start-time calendar variables are legitimate; trend indices cannot be extrapolated; holiday effect 1 point.,no
11,Rule-based reduction,"Drop 6 abnormal-count columns, electricity_price, 2 post indicators, user_no_previous_completed_session (+ leakers/identifiers) -> 29 features in 7 groups.","Exact algebraic identity (counts), deterministic mapping (price), constant columns (post flags), φ≈1 (user flag).",no
11,Discretization,Not applied to model inputs (used only in EDA).,Trees discretise internally; decile curves are smooth/monotone so binning would lose information.,no
13,Learned transformations,"Two views fitted on TRAIN only: tree view (category codes, NaN kept); linear view (log1p → cap 0.1/99.9 pct → train-max fill → standardise; sin/cos; one-hot post_id + tariff).",Parameters differ when fitted on all periods (ledger); fitting only on TRAIN keeps validation/test untouched.,yes (train only)
14,Class imbalance,"No resampling in the prepared data. Re-weighting/resampling, if used, only inside training folds; thresholds chosen on validation knowing prevalence shifts.","Balanced weights leave ranking (PR/ROC-AUC) essentially unchanged but distort probabilities (Brier, mean prediction) — see §14 table.",yes (train only)
15,Feature groups,Keep all 7 groups for the modelling task; run the definitive ablation there.,Preliminary ablation on training-window folds (§15.1).,yes (train only)
15,Order creation time,Stays excluded.,Doubtful availability (§6.2); incremental value measured in §15.3.,no
